ApplicantID,Age,Gender,Married,Education,SelfEmployed,AnnualIncome,CreditScore,LoanAmount,YearsAtJob,LoanApproved
LP000001,59,Male,Yes,Graduate,No,155700.0,682.0,89100.0,19.9,1
LP000002,49,Female,No,Graduate,Yes,20400.0,776.0,29400.0,28.4,1
LP000003,35,Female,No,Graduate,No,32800.0,,75800.0,,0
LP000004,63,Male,No,Graduate,No,42700.0,759.0,61500.0,5.2,1
LP000005,28,Male,No,Not Graduate,No,53500.0,423.0,144400.0,5.7,0
LP000006,41,Male,Yes,Graduate,Yes,115100.0,652.0,251700.0,10.2,0
LP000007,59,Female,Yes,Graduate,No,24600.0,,43400.0,31.9,1
LP000008,39,Female,No,Graduate,No,102000.0,711.0,389900.0,,0
LP000009,43,Female,Yes,Graduate,No,22900.0,683.0,62100.0,,0
LP000010,31,Female,Yes,Graduate,Yes,112400.0,830.0,107300.0,4.4,1
LP000011,31,Female,,Graduate,No,22700.0,586.0,55800.0,10.5,0
LP000012,44,Female,Yes,Not Graduate,No,20900.0,689.0,67600.0,1.4,0
LP000013,56,Male,Yes,Graduate,No,79700.0,702.0,237500.0,6.1,0
LP000014,60,Female,No,Graduate,No,300000.0,602.0,330700.0,13.4,1
LP000015,44,Male,No,Not Graduate,No,133500.0,610.0,521100.0,2.0,0
LP000016,23,Female,No,Not Graduate,No,62900.0,601.0,130300.0,1.2,0
LP000017,42,Male,No,Graduate,No,144700.0,657.0,152900.0,19.9,0
LP000018,22,Male,No,Not Graduate,Yes,20300.0,699.0,23000.0,3.8,1
LP000019,44,Male,Yes,Graduate,No,204600.0,661.0,172600.0,7.9,1
LP000020,64,Male,Yes,Graduate,No,53700.0,713.0,177900.0,10.6,0
LP000021,50,Female,Yes,Not Graduate,No,84200.0,472.0,78100.0,9.0,0
LP000022,58,Male,Yes,Graduate,No,106000.0,,99400.0,11.1,1
LP000023,22,Female,No,Graduate,No,83400.0,557.0,290000.0,0.1,0
LP000024,41,Male,Yes,Graduate,No,58300.0,677.0,99500.0,21.3,0
LP000025,53,Female,Yes,Graduate,No,52400.0,675.0,31900.0,7.5,1
LP000026,32,Male,Yes,Graduate,No,111200.0,639.0,75800.0,5.9,1
LP000027,42,Male,No,Graduate,No,31500.0,695.0,31400.0,0.2,1
LP000028,64,Female,Yes,Not Graduate,No,192100.0,,239500.0,34.3,1
LP000029,45,Male,Yes,Not Graduate,No,82100.0,644.0,232200.0,19.7,0
LP000030,69,Male,Yes,Not Graduate,No,31100.0,555.0,32700.0,37.9,0
LP000031,47,Male,Yes,Graduate,Yes,86600.0,507.0,79300.0,22.7,1
LP000032,62,Male,Yes,Graduate,Yes,57700.0,653.0,183300.0,12.5,0
LP000033,48,Female,Yes,Not Graduate,No,81400.0,671.0,231900.0,7.4,0
LP000034,36,Male,Yes,Not Graduate,No,93000.0,562.0,188200.0,12.6,0
LP000035,35,Female,Yes,Graduate,,24600.0,715.0,59600.0,6.2,0
LP000036,67,Female,,Graduate,No,55300.0,608.0,88000.0,22.6,1
LP000037,64,Male,Yes,Graduate,Yes,154400.0,500.0,337900.0,0.3,1
LP000038,23,Female,No,Graduate,No,39300.0,763.0,89300.0,0.3,0
LP000039,57,Female,No,Graduate,Yes,65100.0,752.0,120800.0,20.9,1
LP000040,27,Female,Yes,Not Graduate,Yes,43000.0,468.0,157900.0,5.1,0
LP000041,41,Female,No,Graduate,No,50300.0,,28000.0,17.3,1
LP000042,29,Female,Yes,Graduate,No,59800.0,595.0,193600.0,1.5,0
LP000043,59,Female,Yes,Graduate,No,59800.0,797.0,55900.0,20.5,1
LP000044,38,Male,Yes,Graduate,Yes,31300.0,641.0,103000.0,3.9,0
LP000045,24,Male,No,Graduate,No,77700.0,515.0,206300.0,0.6,1
LP000046,45,Male,Yes,Graduate,No,24600.0,729.0,84900.0,,0
LP000047,34,Male,Yes,Graduate,No,27500.0,539.0,23100.0,2.6,0
LP000048,70,Male,No,Graduate,No,20100.0,626.0,49400.0,8.9,0
LP000049,29,Male,No,Graduate,No,26200.0,580.0,59000.0,3.5,0
LP000050,46,Male,Yes,Graduate,No,52000.0,599.0,154500.0,7.3,0
LP000051,22,Female,Yes,Graduate,No,66600.0,734.0,157800.0,0.4,0
LP000052,40,Female,Yes,Not Graduate,No,99100.0,786.0,237100.0,2.0,0
LP000053,48,Female,Yes,Graduate,No,25600.0,535.0,51300.0,5.8,1
LP000054,67,Male,Yes,Not Graduate,No,115100.0,706.0,182000.0,2.0,0
LP000055,27,Female,No,Graduate,No,88500.0,584.0,193600.0,5.6,1
LP000056,64,Female,Yes,Not Graduate,Yes,46300.0,586.0,42400.0,11.5,0
LP000057,28,Male,No,Not Graduate,No,155100.0,694.0,599500.0,2.8,0
LP000058,67,Male,No,Graduate,No,255100.0,557.0,600000.0,,0
LP000059,55,Female,Yes,Graduate,No,31500.0,692.0,120800.0,24.5,0
LP000060,34,Female,No,Graduate,No,43800.0,715.0,56700.0,13.9,1
LP000061,37,Male,Yes,Not Graduate,No,150500.0,611.0,538400.0,14.4,0
LP000062,56,Male,Yes,Graduate,No,83900.0,769.0,279500.0,27.6,1
LP000063,70,Male,Yes,Graduate,No,22500.0,535.0,64600.0,19.4,0
LP000064,60,Female,Yes,Graduate,No,96100.0,771.0,258300.0,,0
LP000065,24,Female,No,Not Graduate,No,108000.0,475.0,173700.0,3.3,0
LP000066,22,Male,No,Graduate,No,89400.0,850.0,300200.0,0.9,0
LP000067,26,Male,No,Graduate,No,100400.0,613.0,226400.0,1.7,0
LP000068,62,Female,No,Graduate,,107200.0,545.0,80200.0,11.9,1
LP000069,24,Female,Yes,Graduate,No,30300.0,629.0,48300.0,5.5,1
LP000070,49,Male,Yes,Graduate,Yes,33400.0,555.0,126000.0,17.0,0
LP000071,38,Female,Yes,Graduate,No,70200.0,684.0,244100.0,14.7,0
LP000072,46,Male,Yes,Graduate,Yes,139200.0,773.0,548000.0,9.7,0
LP000073,64,Male,Yes,Not Graduate,No,39000.0,560.0,105200.0,16.3,0
LP000074,54,Female,Yes,Graduate,Yes,64400.0,702.0,88000.0,4.5,1
LP000075,30,Male,Yes,Graduate,No,77400.0,512.0,82800.0,2.1,0
LP000076,56,Female,Yes,Graduate,,50100.0,742.0,57800.0,31.4,1
LP000077,34,Female,Yes,Graduate,No,82600.0,687.0,47000.0,,1
LP000078,51,Female,Yes,Graduate,No,135000.0,746.0,252100.0,11.1,1
LP000079,68,Male,No,Graduate,No,68900.0,638.0,80600.0,32.1,1
LP000080,35,Male,Yes,Graduate,No,58800.0,610.0,114100.0,4.2,0
LP000081,28,Male,No,Graduate,No,48900.0,723.0,184500.0,9.8,0
LP000082,34,Female,No,Graduate,No,63100.0,532.0,126600.0,5.5,0
LP000083,43,Female,Yes,Not Graduate,No,42000.0,493.0,150100.0,8.4,0
LP000084,60,Female,Yes,Graduate,,44800.0,649.0,117300.0,12.5,1
LP000085,41,Female,No,Not Graduate,No,57900.0,614.0,79000.0,2.8,0
LP000086,36,Female,Yes,Graduate,No,23400.0,699.0,40800.0,2.0,0
LP000087,65,Female,Yes,Graduate,No,33000.0,748.0,26200.0,25.9,1
LP000088,38,Male,Yes,Graduate,No,59100.0,,98500.0,17.5,1
LP000089,67,Male,No,Not Graduate,No,48200.0,741.0,138400.0,31.6,0
LP000090,44,Female,No,Graduate,No,40200.0,678.0,30200.0,3.7,0
LP000091,46,Male,Yes,Graduate,No,85600.0,694.0,104300.0,15.3,1
LP000092,45,Male,Yes,Graduate,No,79200.0,639.0,145300.0,2.9,1
LP000093,65,Female,Yes,Graduate,Yes,29100.0,691.0,114600.0,1.8,0
LP000094,61,Female,Yes,Graduate,No,125400.0,664.0,407200.0,26.3,0
LP000095,49,Male,Yes,Graduate,No,54200.0,679.0,166200.0,16.6,0
LP000096,35,Female,Yes,Graduate,Yes,87600.0,634.0,79400.0,1.4,0
LP000097,65,Female,No,Not Graduate,No,62600.0,722.0,202400.0,1.4,0
LP000098,21,Male,No,Graduate,No,300000.0,586.0,600000.0,,1
LP000099,45,Male,Yes,Graduate,No,89800.0,,233800.0,0.8,0
LP000100,27,Male,Yes,Graduate,No,81400.0,768.0,322900.0,4.0,0
LP000101,29,Female,Yes,Not Graduate,No,95400.0,564.0,156300.0,5.6,0
LP000102,44,Female,Yes,Not Graduate,No,27700.0,455.0,105100.0,,0
LP000103,21,Female,No,Not Graduate,No,31400.0,682.0,116200.0,0.5,0
LP000104,64,Female,No,Graduate,No,82600.0,626.0,44600.0,,0
LP000105,28,Male,No,Not Graduate,No,54100.0,740.0,112300.0,7.6,0
LP000106,44,Male,Yes,Graduate,Yes,90300.0,638.0,354000.0,13.2,0
LP000107,31,Female,Yes,Graduate,No,25400.0,595.0,21900.0,8.3,0
LP000108,37,Male,Yes,Graduate,,58400.0,643.0,141200.0,18.7,0
LP000109,28,Male,No,Graduate,No,43800.0,748.0,172000.0,7.7,0
LP000110,55,Male,Yes,Not Graduate,Yes,50500.0,701.0,123400.0,16.1,1
LP000111,55,Male,Yes,Graduate,No,66300.0,430.0,77200.0,16.5,0
LP000112,53,Male,No,Graduate,No,54900.0,666.0,139300.0,21.7,0
LP000113,25,Male,No,Not Graduate,No,58800.0,671.0,71500.0,,0
LP000114,62,Male,Yes,Not Graduate,No,53300.0,648.0,123600.0,20.0,0
LP000115,59,Male,Yes,Graduate,No,46300.0,,35100.0,25.8,1
LP000116,61,Female,Yes,Graduate,No,93900.0,757.0,245900.0,0.9,0
LP000117,48,Female,Yes,Not Graduate,Yes,20600.0,761.0,47600.0,12.9,0
LP000118,27,Male,No,Graduate,No,65600.0,451.0,202700.0,2.5,0
LP000119,29,Female,No,Graduate,No,61700.0,,167000.0,1.4,0
LP000120,28,Male,No,Graduate,No,83000.0,636.0,201200.0,1.0,0
LP000121,32,Female,Yes,Graduate,No,65700.0,735.0,191500.0,8.4,1
LP000122,54,Female,Yes,Not Graduate,No,107700.0,653.0,108100.0,18.8,1
LP000123,53,Female,No,Graduate,No,179800.0,588.0,464600.0,8.9,0
LP000124,68,Female,Yes,Graduate,No,41000.0,713.0,45200.0,18.8,1
LP000125,43,Male,Yes,Graduate,No,32900.0,630.0,123000.0,12.3,1
LP000126,44,Male,Yes,Graduate,No,47500.0,,35100.0,5.1,1
LP000127,57,Female,Yes,Graduate,Yes,37000.0,647.0,74200.0,25.4,1
LP000128,55,Male,No,Graduate,No,67700.0,,198700.0,28.9,1
LP000129,64,Male,Yes,Graduate,No,141400.0,622.0,297400.0,31.7,1
LP000130,60,Female,No,Graduate,No,27500.0,,22600.0,24.1,1
LP000131,42,Female,No,Graduate,No,25300.0,643.0,61700.0,12.3,0
LP000132,47,Female,Yes,Graduate,Yes,34800.0,553.0,95600.0,1.8,0
LP000133,55,Male,Yes,Graduate,No,84700.0,646.0,251000.0,10.6,0
LP000134,21,Female,No,Graduate,No,64900.0,558.0,117200.0,0.3,0
LP000135,55,Male,No,Not Graduate,No,25400.0,,62800.0,35.7,0
LP000136,57,Male,Yes,Graduate,No,145500.0,724.0,302300.0,5.3,0
LP000137,67,Female,Yes,Graduate,Yes,98100.0,553.0,279800.0,6.1,0
LP000138,34,Male,Yes,Graduate,No,21200.0,682.0,53900.0,14.2,0
LP000139,23,Male,Yes,Not Graduate,Yes,72700.0,575.0,170100.0,4.7,0
LP000140,21,Female,No,Graduate,No,93800.0,668.0,128800.0,2.3,1
LP000141,25,Male,Yes,Not Graduate,No,43500.0,727.0,22100.0,0.0,1
LP000142,46,Male,Yes,Graduate,No,23600.0,458.0,26200.0,,0
LP000143,34,Male,No,Not Graduate,No,24000.0,549.0,21800.0,6.0,0
LP000144,59,Male,Yes,Not Graduate,No,25500.0,616.0,52800.0,5.7,0
LP000145,47,Male,Yes,Graduate,No,111800.0,678.0,295500.0,0.5,0
LP000146,29,Female,Yes,Graduate,No,140800.0,635.0,175400.0,5.1,1
LP000147,35,Female,Yes,Graduate,No,26600.0,645.0,100700.0,16.0,0
LP000148,35,Male,,Graduate,No,33500.0,833.0,17500.0,5.5,1
LP000149,46,Female,Yes,Graduate,No,29000.0,540.0,92900.0,18.5,0
LP000150,62,Male,Yes,Graduate,No,30300.0,752.0,81500.0,26.1,1
LP000151,33,Male,Yes,Graduate,No,110900.0,618.0,200400.0,3.8,0
LP000152,52,Female,Yes,Graduate,,40200.0,699.0,27200.0,22.1,1
LP000153,59,Male,Yes,Graduate,No,38700.0,,104300.0,8.5,1
LP000154,69,Female,Yes,Graduate,No,32900.0,711.0,60900.0,4.9,1
LP000155,52,Male,Yes,Graduate,No,66800.0,683.0,252300.0,23.8,1
LP000156,24,Female,Yes,Not Graduate,No,43800.0,793.0,105000.0,0.7,1
LP000157,50,Male,Yes,Graduate,No,88200.0,751.0,334200.0,,0
LP000158,57,Male,Yes,Not Graduate,No,31500.0,578.0,40100.0,7.2,0
LP000159,43,Male,Yes,Graduate,No,97500.0,676.0,296400.0,14.9,0
LP000160,59,Female,No,Graduate,Yes,66300.0,,176400.0,16.5,0
LP000161,65,Female,No,Graduate,No,26100.0,601.0,80600.0,5.1,0
LP000162,35,Female,Yes,Graduate,,46800.0,678.0,58600.0,0.5,0
LP000163,63,Male,Yes,Not Graduate,No,119600.0,595.0,338200.0,24.9,0
LP000164,49,Male,No,Graduate,No,148200.0,674.0,332400.0,25.0,0
LP000165,56,Male,Yes,Graduate,Yes,51300.0,,159000.0,32.0,1
LP000166,33,Female,Yes,Not Graduate,No,52800.0,698.0,86800.0,7.2,1
LP000167,52,Female,No,Graduate,No,145300.0,611.0,525300.0,26.4,0
LP000168,27,Male,No,Not Graduate,No,64200.0,565.0,51000.0,6.1,0
LP000169,42,Female,Yes,Not Graduate,No,21700.0,783.0,72200.0,17.4,0
LP000170,48,Male,Yes,Graduate,No,141900.0,605.0,498700.0,14.8,0
LP000171,22,Female,Yes,Graduate,No,34300.0,709.0,115300.0,2.5,0
LP000172,62,Female,Yes,Graduate,No,63100.0,779.0,144800.0,32.2,1
LP000173,65,Male,Yes,Graduate,,29000.0,664.0,59000.0,15.9,1
LP000174,26,Male,Yes,Graduate,No,21700.0,572.0,86500.0,6.4,0
LP000175,48,Female,Yes,Not Graduate,No,38700.0,633.0,50400.0,17.8,1
LP000176,48,Female,Yes,Graduate,No,95800.0,741.0,231300.0,5.0,1
LP000177,64,Female,Yes,Graduate,Yes,36300.0,668.0,103400.0,1.0,1
LP000178,64,Female,Yes,Graduate,No,32400.0,541.0,95700.0,14.5,0
LP000179,40,Male,Yes,Graduate,Yes,32000.0,703.0,38900.0,12.0,1
LP000180,50,Female,Yes,Graduate,No,56200.0,719.0,156700.0,26.9,1
LP000181,31,Female,No,Not Graduate,No,205500.0,618.0,600000.0,1.7,0
LP000182,48,Female,Yes,Graduate,No,50700.0,704.0,34200.0,24.0,0
LP000183,45,Male,Yes,Graduate,No,60700.0,672.0,224000.0,,0
LP000184,59,Male,Yes,Graduate,No,118500.0,632.0,71500.0,6.0,1
LP000185,53,Male,Yes,Graduate,No,58300.0,533.0,101800.0,29.8,1
LP000186,21,Male,No,Graduate,No,30200.0,747.0,16800.0,3.0,0
LP000187,47,Male,Yes,Not Graduate,No,37800.0,718.0,29100.0,21.1,1
LP000188,33,Male,Yes,Graduate,No,38500.0,702.0,142000.0,11.8,0
LP000189,61,Male,Yes,Not Graduate,No,45300.0,789.0,78900.0,39.8,1
LP000190,23,Male,No,Graduate,Yes,47800.0,735.0,95000.0,3.0,0
LP000191,59,Female,No,Graduate,,100400.0,711.0,125900.0,12.3,1
LP000192,26,Male,No,Not Graduate,Yes,41500.0,450.0,107500.0,6.7,0
LP000193,28,Male,No,Graduate,No,51600.0,757.0,133200.0,6.1,1
LP000194,47,Male,Yes,Graduate,No,69000.0,657.0,124400.0,16.9,0
LP000195,29,Male,No,Graduate,Yes,43700.0,678.0,72800.0,2.8,0
LP000196,57,Female,Yes,Not Graduate,No,110600.0,678.0,397900.0,29.5,0
LP000197,53,Male,Yes,Not Graduate,No,64300.0,719.0,118400.0,2.9,0
LP000198,62,Female,No,Graduate,No,37400.0,750.0,83300.0,37.0,0
LP000199,64,Female,Yes,Graduate,No,82600.0,707.0,123200.0,13.0,0
LP000200,44,Female,Yes,Not Graduate,No,57500.0,692.0,187100.0,3.3,0
LP000201,35,Female,Yes,Graduate,Yes,58200.0,670.0,110100.0,7.5,0
LP000202,52,Female,Yes,Not Graduate,No,52800.0,348.0,121300.0,1.4,0
LP000203,52,Female,,Graduate,No,54400.0,624.0,75400.0,23.3,0
LP000204,44,Male,Yes,Not Graduate,No,92500.0,,366000.0,23.5,0
LP000205,61,Male,No,Graduate,No,25400.0,758.0,38600.0,33.5,1
LP000206,69,Female,Yes,Not Graduate,No,40400.0,,129200.0,5.1,0
LP000207,69,Male,Yes,Graduate,No,23900.0,608.0,47700.0,5.1,0
LP000208,32,Male,No,Graduate,No,90000.0,617.0,110000.0,,1
LP000209,59,Female,,Graduate,Yes,35900.0,614.0,118400.0,37.0,0
LP000210,22,Female,Yes,Graduate,No,133900.0,612.0,223300.0,1.8,0
LP000211,23,Male,No,Graduate,,57400.0,519.0,202500.0,2.5,0
LP000212,69,Female,Yes,Graduate,Yes,100700.0,500.0,372900.0,12.7,0
LP000213,57,Male,,Not Graduate,No,213000.0,652.0,600000.0,34.9,0
LP000214,69,Female,,Graduate,No,111600.0,746.0,69500.0,25.8,1
LP000215,37,Male,No,Graduate,No,120900.0,601.0,393600.0,5.5,0
LP000216,69,Male,Yes,Graduate,No,46200.0,677.0,89600.0,12.0,1
LP000217,22,Female,No,Graduate,No,60100.0,716.0,213800.0,3.6,0
LP000218,22,Male,Yes,Graduate,No,34600.0,560.0,94600.0,0.1,0
LP000219,48,Female,Yes,Graduate,,30900.0,648.0,105600.0,9.7,0
LP000220,43,Male,Yes,Not Graduate,Yes,55200.0,590.0,124100.0,13.9,0
LP000221,57,Male,Yes,Graduate,No,65200.0,794.0,154700.0,5.8,0
LP000222,52,Female,Yes,Graduate,,40700.0,790.0,40900.0,3.1,1
LP000223,53,Male,Yes,Graduate,No,62100.0,560.0,201400.0,28.5,0
LP000224,21,Male,No,Graduate,Yes,129200.0,684.0,254200.0,2.7,0
LP000225,39,Male,Yes,Graduate,No,60700.0,746.0,136600.0,17.3,0
LP000226,22,Female,No,Graduate,No,83800.0,726.0,272200.0,3.6,0
LP000227,64,Female,No,Graduate,No,101800.0,657.0,264300.0,22.1,0
LP000228,46,Female,Yes,Not Graduate,No,244300.0,767.0,294100.0,22.7,1
LP000229,52,Male,Yes,Graduate,No,66200.0,568.0,169900.0,13.1,0
LP000230,26,Male,No,Graduate,No,102200.0,622.0,196900.0,5.3,1
LP000231,52,Male,Yes,Graduate,Yes,184400.0,571.0,395200.0,33.6,0
LP000232,24,Female,No,Graduate,Yes,164500.0,720.0,98600.0,1.4,1
LP000233,31,Male,Yes,Graduate,No,27600.0,597.0,34100.0,5.1,1
LP000234,37,Female,Yes,Not Graduate,Yes,46100.0,634.0,68400.0,9.1,1
LP000235,58,Male,Yes,Graduate,No,39600.0,705.0,118600.0,5.5,0
LP000236,44,Female,Yes,Not Graduate,No,24500.0,712.0,13200.0,2.1,1
LP000237,25,Female,,Not Graduate,No,70200.0,568.0,135500.0,5.8,0
LP000238,54,Female,Yes,Graduate,No,86600.0,745.0,323400.0,35.2,0
LP000239,26,Male,No,Not Graduate,No,114200.0,691.0,101800.0,3.2,1
LP000240,42,Male,Yes,Graduate,No,26500.0,552.0,61100.0,2.1,0
LP000241,31,Male,No,Graduate,No,124600.0,530.0,405300.0,0.9,0
LP000242,68,Male,Yes,Not Graduate,No,71500.0,648.0,271600.0,35.7,0
LP000243,36,Male,No,Graduate,No,80900.0,726.0,251900.0,8.3,0
LP000244,53,Female,Yes,Graduate,Yes,140700.0,728.0,425200.0,11.2,1
LP000245,29,Male,No,Graduate,Yes,69000.0,682.0,234100.0,5.2,0
LP000246,26,Female,No,Graduate,No,40500.0,654.0,83500.0,2.5,1
LP000247,36,Female,Yes,Not Graduate,No,107200.0,696.0,356000.0,8.8,0
LP000248,49,Male,Yes,Graduate,Yes,42600.0,573.0,22500.0,26.6,1
LP000249,23,Female,Yes,Graduate,No,21700.0,801.0,81100.0,3.0,0
LP000250,40,Male,Yes,Graduate,No,108800.0,800.0,223200.0,15.3,1
LP000251,56,Male,Yes,Graduate,No,41200.0,688.0,100400.0,13.9,0
LP000252,39,Male,Yes,Graduate,No,94300.0,667.0,131300.0,15.5,0
LP000253,46,Female,,Graduate,No,42500.0,612.0,131700.0,18.7,0
LP000254,23,Male,Yes,Graduate,No,118700.0,697.0,91200.0,0.6,1
LP000255,39,Male,Yes,Graduate,No,32400.0,,115200.0,12.0,0
LP000256,40,Female,Yes,Not Graduate,Yes,203500.0,,600000.0,5.6,0
LP000257,52,Male,Yes,Graduate,Yes,95700.0,405.0,120200.0,27.3,0
LP000258,27,Female,Yes,Not Graduate,No,26100.0,,87000.0,3.8,0
LP000259,61,Female,No,Not Graduate,Yes,61700.0,664.0,200700.0,,0
LP000260,53,Female,Yes,Not Graduate,No,231200.0,679.0,600000.0,3.2,0
LP000261,60,Male,Yes,Not Graduate,No,51800.0,606.0,93600.0,31.2,0
LP000262,59,Male,Yes,Graduate,No,30100.0,662.0,43700.0,26.9,1
LP000263,38,Male,No,Graduate,No,53200.0,625.0,69800.0,15.3,1
LP000264,60,Male,Yes,Graduate,No,55900.0,560.0,90300.0,12.3,0
LP000265,21,Male,No,Graduate,No,87700.0,645.0,321200.0,1.5,0
LP000266,31,Male,Yes,Graduate,No,80000.0,723.0,61700.0,10.4,1
LP000267,48,Female,Yes,Graduate,Yes,45800.0,564.0,155800.0,7.0,0
LP000268,45,Female,No,Not Graduate,No,32300.0,564.0,55600.0,6.1,0
LP000269,70,Male,Yes,Graduate,Yes,71800.0,553.0,167000.0,22.0,0
LP000270,43,Male,Yes,Not Graduate,No,47400.0,475.0,155500.0,13.1,0
LP000271,51,Male,Yes,Graduate,No,27100.0,606.0,97400.0,,0
LP000272,50,Male,No,Graduate,No,135400.0,714.0,231100.0,9.5,0
LP000273,62,Female,Yes,Graduate,No,78800.0,665.0,166800.0,11.1,0
LP000274,55,Female,Yes,Not Graduate,No,77500.0,634.0,151200.0,28.5,1
LP000275,27,Female,No,Graduate,,106500.0,661.0,58200.0,5.9,1
LP000276,36,Female,Yes,Not Graduate,,57700.0,605.0,88600.0,15.0,1
LP000277,46,Female,No,Not Graduate,No,104400.0,474.0,220000.0,27.3,0
LP000278,68,Female,Yes,Not Graduate,No,54500.0,720.0,105700.0,19.0,0
LP000279,69,Male,Yes,Graduate,No,23500.0,746.0,71100.0,2.7,0
LP000280,22,Female,No,Not Graduate,No,46000.0,584.0,85000.0,,1
LP000281,21,Male,Yes,Not Graduate,No,54400.0,636.0,120400.0,0.9,0
LP000282,68,Male,Yes,Graduate,Yes,83700.0,628.0,167700.0,37.3,1
LP000283,32,Male,Yes,Graduate,No,25600.0,681.0,79200.0,7.3,0
LP000284,25,Male,,Graduate,No,27500.0,802.0,96800.0,1.9,0
LP000285,57,Female,Yes,Graduate,,35300.0,754.0,83400.0,15.6,1
LP000286,52,Male,Yes,Graduate,No,35500.0,616.0,115800.0,20.4,0
LP000287,29,Male,No,Not Graduate,No,85900.0,698.0,132200.0,7.2,0
LP000288,61,Male,Yes,Graduate,No,34400.0,762.0,82400.0,6.2,1
LP000289,55,Female,No,Graduate,No,70100.0,686.0,119800.0,36.2,1
LP000290,39,Male,Yes,Not Graduate,No,54100.0,649.0,105500.0,11.4,0
LP000291,68,Female,Yes,Graduate,No,62600.0,690.0,191800.0,5.4,0
LP000292,36,Female,Yes,Not Graduate,No,111000.0,586.0,398000.0,16.1,0
LP000293,23,Female,No,Graduate,No,45900.0,599.0,42500.0,0.4,0
LP000294,40,Female,Yes,Graduate,No,93700.0,554.0,255000.0,20.0,0
LP000295,44,Male,,Graduate,No,47400.0,677.0,120300.0,25.9,0
LP000296,53,Male,Yes,Graduate,Yes,41800.0,,38200.0,24.5,1
LP000297,44,Female,,Graduate,No,179300.0,575.0,222600.0,20.0,1
LP000298,31,Male,Yes,Not Graduate,No,30200.0,635.0,48000.0,4.4,1
LP000299,69,Male,Yes,Graduate,No,24700.0,692.0,26800.0,,1
LP000300,28,Female,No,Not Graduate,Yes,93700.0,822.0,126800.0,5.3,1
LP000301,56,Male,No,Graduate,No,23500.0,741.0,33800.0,27.8,1
LP000302,58,Female,Yes,Graduate,No,110700.0,444.0,185400.0,37.0,0
LP000303,60,Male,Yes,Graduate,No,48700.0,671.0,152100.0,39.0,0
LP000304,40,Female,Yes,Graduate,Yes,143600.0,778.0,359200.0,18.3,1
LP000305,55,Female,Yes,Not Graduate,Yes,83900.0,529.0,331600.0,11.2,0
LP000306,68,Female,Yes,Not Graduate,Yes,67100.0,699.0,131000.0,38.7,0
LP000307,45,Male,Yes,Not Graduate,No,169100.0,628.0,530700.0,17.0,0
LP000308,55,Female,Yes,Graduate,No,45300.0,753.0,160800.0,34.4,0
LP000309,45,Female,Yes,Graduate,No,174100.0,686.0,500800.0,18.3,0
LP000310,49,Male,Yes,Graduate,,27300.0,570.0,53000.0,9.5,0
LP000311,38,Male,Yes,Not Graduate,No,53100.0,631.0,166600.0,7.4,0
LP000312,66,Female,Yes,Graduate,No,35700.0,637.0,43300.0,22.0,0
LP000313,38,Female,Yes,Graduate,,58800.0,638.0,96800.0,15.8,0
LP000314,22,Male,Yes,Graduate,Yes,28800.0,750.0,69500.0,1.3,0
LP000315,55,Female,Yes,Graduate,No,112100.0,574.0,281800.0,21.5,0
LP000316,36,Male,Yes,Graduate,No,113700.0,740.0,65700.0,6.2,1
LP000317,61,Male,No,Graduate,No,175300.0,622.0,600000.0,,0
LP000318,56,Female,Yes,Not Graduate,No,28400.0,670.0,83400.0,17.7,0
LP000319,53,Female,Yes,Not Graduate,,68800.0,656.0,153800.0,2.7,1
LP000320,24,Female,Yes,Graduate,No,52100.0,648.0,196200.0,1.0,0
LP000321,53,Female,Yes,Graduate,No,41100.0,648.0,83700.0,2.1,1
LP000322,34,Male,Yes,Graduate,Yes,41700.0,781.0,163900.0,8.0,0
LP000323,41,Male,No,Not Graduate,No,46600.0,725.0,106900.0,,0
LP000324,68,Male,Yes,Not Graduate,Yes,81000.0,617.0,72900.0,4.6,1
LP000325,40,Female,No,Not Graduate,No,65600.0,792.0,208400.0,20.7,0
LP000326,28,Female,No,Not Graduate,No,50800.0,674.0,146100.0,,0
LP000327,27,Male,No,Graduate,No,23900.0,682.0,76600.0,4.1,0
LP000328,23,Male,No,Not Graduate,,24000.0,574.0,91900.0,4.9,0
LP000329,37,Male,Yes,Graduate,No,20100.0,605.0,64700.0,0.0,0
LP000330,53,Female,Yes,Graduate,Yes,191600.0,588.0,505800.0,21.5,0
LP000331,68,Male,No,Graduate,No,20300.0,657.0,71100.0,24.7,0
LP000332,32,Male,Yes,Graduate,No,25400.0,707.0,72600.0,6.4,0
LP000333,42,Female,No,Graduate,No,38900.0,683.0,75000.0,9.5,0
LP000334,42,Female,Yes,Graduate,No,102400.0,792.0,368600.0,10.9,0
LP000335,66,Female,No,Graduate,No,183600.0,570.0,234400.0,16.6,1
LP000336,50,Female,No,Not Graduate,Yes,98000.0,660.0,294100.0,23.4,0
LP000337,58,Male,Yes,Graduate,No,78600.0,534.0,281800.0,5.4,0
LP000338,58,Female,,Graduate,No,56800.0,567.0,173800.0,7.9,0
LP000339,65,Female,Yes,Graduate,Yes,24500.0,763.0,72000.0,7.2,1
LP000340,28,Female,No,Graduate,No,178700.0,608.0,560100.0,2.6,0
LP000341,47,Male,No,Graduate,No,91000.0,577.0,193600.0,15.2,0
LP000342,47,Male,Yes,Graduate,No,70900.0,458.0,252400.0,3.2,0
LP000343,54,Male,Yes,Graduate,Yes,91200.0,576.0,110500.0,31.3,0
LP000344,41,Male,Yes,Not Graduate,Yes,84400.0,631.0,79800.0,6.8,1
LP000345,50,Female,No,Not Graduate,No,70700.0,527.0,106000.0,5.2,0
LP000346,53,Male,Yes,Graduate,No,217100.0,626.0,512500.0,23.6,1
LP000347,48,Male,No,Graduate,No,136800.0,764.0,312900.0,1.1,1
LP000348,67,Male,Yes,Graduate,Yes,72000.0,586.0,242800.0,24.8,0
LP000349,53,Male,Yes,Not Graduate,No,79100.0,565.0,151600.0,24.4,0
LP000350,25,Male,No,Graduate,No,22600.0,548.0,49600.0,1.5,0
LP000351,68,Male,,Not Graduate,No,75400.0,547.0,41200.0,1.7,1
LP000352,39,Male,Yes,Not Graduate,Yes,22300.0,698.0,43100.0,7.6,0
LP000353,24,Female,Yes,Not Graduate,No,64400.0,654.0,178200.0,0.6,0
LP000354,55,Female,Yes,Not Graduate,No,300000.0,736.0,166300.0,4.3,1
LP000355,69,Male,Yes,Graduate,No,60600.0,831.0,89900.0,10.2,1
LP000356,37,Female,Yes,Graduate,No,52000.0,485.0,63800.0,5.6,0
LP000357,64,Female,Yes,Not Graduate,No,38800.0,684.0,25100.0,21.2,1
LP000358,48,Female,No,Graduate,No,26400.0,549.0,57500.0,20.4,1
LP000359,50,Male,Yes,Graduate,Yes,85700.0,721.0,97400.0,19.0,1
LP000360,49,Male,No,Graduate,No,30700.0,625.0,95200.0,4.6,1
LP000361,66,Male,Yes,Graduate,No,26100.0,652.0,90500.0,6.9,0
LP000362,26,Male,Yes,Not Graduate,No,47400.0,534.0,114200.0,7.0,1
LP000363,55,Male,Yes,Graduate,No,99300.0,611.0,390800.0,20.7,0
LP000364,61,Female,Yes,Graduate,No,88300.0,658.0,183400.0,,1
LP000365,57,Male,Yes,Not Graduate,No,22800.0,772.0,52400.0,14.5,1
LP000366,44,Male,Yes,Not Graduate,Yes,50400.0,578.0,199700.0,16.0,0
LP000367,49,Female,Yes,Graduate,No,57000.0,600.0,74700.0,16.2,1
LP000368,69,Male,Yes,Graduate,No,71700.0,734.0,272400.0,12.8,0
LP000369,66,Female,Yes,Graduate,No,72500.0,572.0,47100.0,18.8,0
LP000370,51,Female,Yes,Graduate,Yes,42700.0,752.0,88100.0,16.6,1
LP000371,55,Female,Yes,Graduate,No,61100.0,649.0,45500.0,7.4,1
LP000372,53,Female,Yes,Graduate,No,52800.0,677.0,161200.0,11.0,1
LP000373,41,Male,Yes,Graduate,No,128100.0,683.0,336800.0,18.2,0
LP000374,52,Female,Yes,Graduate,No,57800.0,594.0,171900.0,31.1,0
LP000375,43,Female,Yes,Graduate,No,49100.0,685.0,88900.0,9.0,1
LP000376,53,Female,No,Graduate,No,45900.0,580.0,82300.0,10.7,0
LP000377,23,Male,No,Graduate,No,62500.0,,41200.0,1.0,1
LP000378,38,Female,Yes,Not Graduate,No,101500.0,700.0,175100.0,13.6,0
LP000379,45,Male,Yes,Graduate,No,58700.0,676.0,220300.0,8.7,0
LP000380,62,Female,Yes,Graduate,No,74200.0,643.0,135600.0,39.5,1
LP000381,51,Male,Yes,Graduate,No,86900.0,536.0,296300.0,10.7,0
LP000382,23,Female,Yes,Not Graduate,No,56700.0,559.0,195500.0,2.0,0
LP000383,60,Female,Yes,Graduate,Yes,47800.0,674.0,86300.0,24.1,0
LP000384,66,Male,Yes,Graduate,No,124600.0,715.0,337900.0,32.1,0
LP000385,44,Male,Yes,Graduate,Yes,47000.0,550.0,39200.0,12.2,1
LP000386,70,Male,Yes,Not Graduate,,51000.0,574.0,44000.0,16.9,0
LP000387,52,Female,Yes,Graduate,No,252000.0,662.0,168900.0,33.9,1
LP000388,67,Female,Yes,Graduate,No,20000.0,660.0,50700.0,0.4,0
LP000389,42,Female,Yes,Graduate,No,30300.0,503.0,60300.0,21.5,0
LP000390,43,Female,Yes,Graduate,,44200.0,664.0,106900.0,3.7,0
LP000391,22,Female,No,Not Graduate,No,154800.0,596.0,359700.0,3.1,0
LP000392,47,Male,Yes,Graduate,No,23600.0,797.0,40700.0,17.9,1
LP000393,62,Male,Yes,Graduate,No,20500.0,672.0,58900.0,13.7,0
LP000394,22,Female,No,Graduate,No,22700.0,687.0,71600.0,3.5,0
LP000395,46,Male,No,Graduate,No,24600.0,690.0,13600.0,0.4,1
LP000396,37,Male,Yes,Graduate,Yes,21900.0,540.0,26800.0,4.3,0
LP000397,60,Male,No,Graduate,No,52700.0,824.0,157900.0,22.7,1
LP000398,53,Male,Yes,Graduate,No,63500.0,503.0,117700.0,12.3,0
LP000399,29,Female,Yes,Graduate,Yes,35900.0,721.0,101200.0,6.7,0
LP000400,63,Male,Yes,Graduate,No,45400.0,705.0,77800.0,1.0,1
LP000401,68,Female,Yes,Not Graduate,No,24800.0,607.0,46300.0,4.7,0
LP000402,59,Male,Yes,Not Graduate,No,40500.0,709.0,42700.0,5.1,1
LP000403,49,Male,Yes,Not Graduate,No,57000.0,621.0,80000.0,,1
LP000404,62,Male,Yes,Graduate,No,85900.0,589.0,225000.0,18.4,0
LP000405,46,Female,No,Not Graduate,No,20200.0,692.0,40700.0,21.1,1
LP000406,55,Female,Yes,Graduate,No,51500.0,559.0,165300.0,33.5,0
LP000407,70,Female,Yes,Graduate,No,37600.0,629.0,131000.0,33.4,0
LP000408,45,Female,Yes,Not Graduate,Yes,115800.0,596.0,277400.0,5.3,0
LP000409,44,Female,Yes,Graduate,Yes,82900.0,619.0,261500.0,11.5,0
LP000410,33,Female,No,Graduate,Yes,64500.0,688.0,101500.0,3.0,0
LP000411,27,Female,No,Graduate,No,36200.0,596.0,70700.0,2.4,0
LP000412,56,Female,No,Graduate,,140600.0,632.0,421100.0,19.1,0
LP000413,65,Male,Yes,Graduate,No,22300.0,604.0,41300.0,2.7,0
LP000414,40,Female,Yes,Graduate,No,25800.0,779.0,66000.0,,0
LP000415,21,Female,Yes,Not Graduate,Yes,44800.0,680.0,51500.0,2.8,0
LP000416,28,Female,No,Graduate,No,26600.0,669.0,69100.0,4.7,0
LP000417,66,Male,Yes,Graduate,No,176700.0,711.0,600000.0,17.8,0
LP000418,36,Female,Yes,Graduate,No,100000.0,596.0,354000.0,0.3,0
LP000419,34,Female,Yes,Graduate,No,35000.0,,106200.0,4.0,0
LP000420,32,Male,Yes,Not Graduate,No,64400.0,681.0,200300.0,12.1,0
LP000421,43,Female,Yes,Graduate,No,221800.0,509.0,544000.0,4.1,0
LP000422,35,Male,Yes,Graduate,No,127800.0,521.0,325400.0,7.1,0
LP000423,48,Male,No,Graduate,No,65900.0,598.0,63800.0,0.4,1
LP000424,54,Male,No,Graduate,No,137000.0,531.0,281300.0,17.2,0
LP000425,22,Male,No,Graduate,No,246300.0,628.0,511700.0,0.1,0
LP000426,52,Female,Yes,Graduate,No,88000.0,558.0,339200.0,27.9,0
LP000427,43,Male,No,Graduate,,23400.0,641.0,47000.0,20.6,0
LP000428,42,Male,No,Graduate,No,45700.0,777.0,110700.0,18.9,1
LP000429,45,Male,Yes,Graduate,Yes,111000.0,645.0,262700.0,7.7,1
LP000430,42,Male,Yes,Graduate,No,33100.0,622.0,90300.0,20.1,0
LP000431,42,Male,Yes,Graduate,,108800.0,,339300.0,13.0,0
LP000432,69,Female,No,Graduate,No,26400.0,587.0,34000.0,15.0,0
LP000433,62,Male,Yes,Not Graduate,No,22400.0,725.0,52700.0,25.0,0
LP000434,26,Female,No,Graduate,No,44200.0,694.0,149900.0,0.1,0
LP000435,35,Female,Yes,Graduate,No,21900.0,653.0,46400.0,2.4,0
LP000436,63,Male,No,Graduate,Yes,177600.0,663.0,261900.0,29.7,1
LP000437,57,Female,Yes,Graduate,No,107500.0,833.0,300100.0,9.5,0
LP000438,53,Male,Yes,Graduate,No,100700.0,734.0,340700.0,20.9,0
LP000439,28,Male,No,Graduate,No,69700.0,847.0,50300.0,3.9,1
LP000440,64,Male,Yes,Graduate,No,32200.0,697.0,103600.0,34.2,1
LP000441,64,Male,Yes,Graduate,No,56500.0,517.0,190700.0,38.1,0
LP000442,25,Female,No,Graduate,No,65500.0,626.0,138600.0,6.2,0
LP000443,59,Female,Yes,Graduate,No,57200.0,496.0,225500.0,10.8,0
LP000444,24,Male,No,Graduate,No,35100.0,697.0,114200.0,1.2,0
LP000445,26,Female,Yes,Graduate,,56200.0,717.0,180300.0,3.8,0
LP000446,65,Male,Yes,Graduate,No,53800.0,570.0,167700.0,0.3,0
LP000447,52,Female,Yes,Graduate,No,300000.0,590.0,308100.0,0.9,0
LP000448,50,Male,Yes,Not Graduate,No,133900.0,663.0,168800.0,17.7,1
LP000449,67,Male,Yes,Not Graduate,Yes,51100.0,542.0,108500.0,20.8,0
LP000450,55,Male,No,Graduate,No,68800.0,535.0,98000.0,36.8,0
LP000451,60,Male,Yes,Graduate,No,88900.0,761.0,173700.0,,0
LP000452,36,Female,Yes,Graduate,No,21800.0,660.0,78700.0,4.6,0
LP000453,33,Female,No,Not Graduate,No,132700.0,599.0,449200.0,1.7,0
LP000454,70,Male,Yes,Graduate,No,118400.0,497.0,320300.0,36.7,0
LP000455,62,Female,No,Graduate,No,50600.0,726.0,177300.0,31.1,0
LP000456,50,Female,Yes,Graduate,No,44800.0,588.0,145300.0,26.3,0
LP000457,39,Female,Yes,Graduate,No,35900.0,817.0,71900.0,19.0,1
LP000458,37,Male,Yes,Graduate,No,52400.0,727.0,63100.0,10.0,0
LP000459,39,Male,Yes,Graduate,No,22300.0,577.0,51300.0,9.5,0
LP000460,48,Female,Yes,Graduate,No,115600.0,585.0,355700.0,9.9,0
LP000461,46,Female,Yes,Graduate,Yes,21800.0,804.0,44200.0,,1
LP000462,57,Male,Yes,Not Graduate,No,40000.0,642.0,113300.0,17.7,0
LP000463,46,Male,No,Graduate,No,154100.0,603.0,127900.0,12.6,1
LP000464,43,Male,Yes,Graduate,No,86400.0,652.0,269400.0,,0
LP000465,29,Female,No,Graduate,No,36500.0,603.0,122100.0,10.8,0
LP000466,32,Female,Yes,Graduate,No,34600.0,671.0,102900.0,11.2,0
LP000467,21,Male,No,Graduate,No,20300.0,643.0,78900.0,2.3,0
LP000468,21,Female,No,Graduate,No,79500.0,728.0,269800.0,2.0,0
LP000469,67,Female,Yes,Graduate,No,22500.0,615.0,82400.0,6.6,0
LP000470,54,Female,No,Graduate,No,58000.0,570.0,218500.0,2.1,0
LP000471,52,Female,Yes,Graduate,No,183700.0,618.0,600000.0,23.5,0
LP000472,68,Female,Yes,Graduate,No,25800.0,618.0,73800.0,29.2,0
LP000473,45,Male,Yes,Graduate,No,132400.0,643.0,68800.0,1.3,1
LP000474,60,Female,Yes,Graduate,,258200.0,,550100.0,37.1,1
LP000475,65,Male,Yes,Graduate,Yes,23200.0,702.0,58000.0,3.6,1
LP000476,21,Male,No,Graduate,No,127200.0,757.0,199000.0,0.9,1
LP000477,36,Male,Yes,Graduate,No,56300.0,576.0,90800.0,12.1,1
LP000478,59,Male,Yes,Graduate,No,138500.0,684.0,535200.0,6.8,0
LP000479,25,Male,Yes,Graduate,No,62400.0,715.0,225900.0,0.4,0
LP000480,42,Male,Yes,Graduate,No,74300.0,589.0,258000.0,7.9,0
LP000481,49,Female,Yes,Graduate,No,59200.0,631.0,113700.0,23.7,0
LP000482,23,Male,,Not Graduate,No,119900.0,492.0,65700.0,2.1,0
LP000483,32,Female,Yes,Graduate,No,86200.0,731.0,67300.0,9.1,1
LP000484,46,Male,Yes,Graduate,No,56800.0,630.0,90500.0,16.2,0
LP000485,36,Female,Yes,Graduate,No,121300.0,722.0,67300.0,,1
LP000486,57,Female,Yes,Graduate,No,34100.0,668.0,19100.0,38.6,1
LP000487,42,Male,No,Graduate,No,28600.0,633.0,106100.0,1.0,0
LP000488,49,Female,Yes,Graduate,No,28700.0,506.0,85300.0,30.0,0
LP000489,34,Female,Yes,Graduate,No,40300.0,522.0,63700.0,8.8,1
LP000490,48,Female,Yes,Graduate,No,33600.0,416.0,32400.0,28.9,0
LP000491,25,Female,Yes,Graduate,No,153000.0,599.0,350500.0,0.8,0
LP000492,67,Female,Yes,Graduate,No,25600.0,850.0,13300.0,19.6,1
LP000493,69,Female,Yes,Graduate,No,80000.0,534.0,302800.0,6.8,0
LP000494,50,Male,Yes,Graduate,Yes,30500.0,413.0,59500.0,1.6,0
LP000495,66,Male,Yes,Not Graduate,No,126700.0,736.0,241800.0,24.7,1
LP000496,25,Female,Yes,Graduate,Yes,182600.0,850.0,340900.0,1.5,1
LP000497,32,Male,Yes,Graduate,No,51300.0,676.0,38100.0,8.2,1
LP000498,36,Male,Yes,Graduate,Yes,125600.0,675.0,343400.0,2.0,0
LP000499,46,Male,Yes,Graduate,No,20300.0,622.0,62200.0,9.3,0
LP000500,46,Male,Yes,Not Graduate,No,105700.0,488.0,303000.0,21.9,0
LP000501,68,Female,Yes,Not Graduate,No,33000.0,519.0,32500.0,17.5,0
LP000502,41,Male,Yes,Graduate,No,139700.0,621.0,352900.0,14.4,0
LP000503,59,Male,Yes,Not Graduate,No,20100.0,604.0,50100.0,25.9,0
LP000504,56,Female,No,Graduate,No,60600.0,639.0,214500.0,32.1,0
LP000505,53,Female,No,Graduate,No,90700.0,724.0,165700.0,,0
LP000506,50,Male,Yes,Not Graduate,Yes,35000.0,597.0,63000.0,22.0,1
LP000507,57,Male,Yes,Not Graduate,No,30700.0,726.0,81800.0,37.5,0
LP000508,43,Female,Yes,Graduate,Yes,24400.0,598.0,66300.0,18.3,0
LP000509,30,Female,No,Not Graduate,No,39800.0,743.0,85300.0,5.9,0
LP000510,25,Male,Yes,Not Graduate,No,61000.0,657.0,125100.0,4.4,0
LP000511,56,Male,Yes,Not Graduate,No,26200.0,610.0,58400.0,28.1,0
LP000512,54,Male,No,Not Graduate,,43600.0,656.0,153200.0,22.0,0
LP000513,51,Male,Yes,Not Graduate,,20500.0,623.0,43300.0,0.6,0
LP000514,30,Male,No,Graduate,No,105400.0,660.0,399400.0,2.3,0
LP000515,39,Female,Yes,Not Graduate,No,26900.0,718.0,60900.0,17.0,1
LP000516,52,Male,Yes,Graduate,No,36700.0,642.0,140300.0,9.3,0
LP000517,21,Female,Yes,Not Graduate,No,20900.0,616.0,71400.0,2.2,0
LP000518,25,Male,Yes,Graduate,No,48300.0,548.0,85400.0,2.6,0
LP000519,65,Female,Yes,Graduate,No,111700.0,702.0,393500.0,20.9,1
LP000520,24,Female,No,Graduate,No,44900.0,681.0,39700.0,0.4,1
LP000521,36,Male,Yes,Graduate,No,29900.0,543.0,111800.0,3.3,0
LP000522,44,Female,Yes,Graduate,No,90100.0,725.0,244200.0,24.9,0
LP000523,36,Male,Yes,Not Graduate,No,97700.0,542.0,67400.0,16.0,1
LP000524,22,Female,Yes,Not Graduate,,29500.0,742.0,81300.0,2.6,0
LP000525,69,Female,Yes,Graduate,No,93700.0,711.0,366400.0,18.4,0
LP000526,48,Male,No,Not Graduate,No,167200.0,687.0,124400.0,20.3,1
LP000527,52,Male,Yes,Not Graduate,No,29100.0,,71000.0,21.0,0
LP000528,47,Male,No,Graduate,No,93700.0,701.0,292100.0,16.5,0
LP000529,40,Female,No,Graduate,No,81600.0,746.0,272200.0,1.3,0
LP000530,44,Male,Yes,Not Graduate,No,52100.0,703.0,101500.0,16.5,1
LP000531,32,Male,Yes,Graduate,No,23000.0,589.0,27900.0,,0
LP000532,70,Male,No,Not Graduate,Yes,23900.0,674.0,15500.0,39.8,1
LP000533,55,Male,Yes,Not Graduate,No,115700.0,751.0,292600.0,0.4,0
LP000534,53,Female,Yes,Not Graduate,No,251000.0,847.0,523400.0,25.6,1
LP000535,53,Male,No,Graduate,No,76400.0,631.0,291900.0,20.0,0
LP000536,63,Female,Yes,Graduate,Yes,49500.0,727.0,35200.0,17.4,1
LP000537,57,Male,Yes,Graduate,Yes,72100.0,752.0,209000.0,5.0,0
LP000538,32,Male,Yes,Graduate,Yes,65100.0,576.0,38200.0,5.7,0
LP000539,23,Female,No,Graduate,Yes,44200.0,810.0,48600.0,1.8,1
LP000540,21,Female,No,Graduate,No,23400.0,554.0,48800.0,0.9,0
LP000541,53,Female,,Graduate,No,106200.0,722.0,222200.0,25.6,1
LP000542,60,Male,Yes,Not Graduate,No,43200.0,677.0,125300.0,28.0,0
LP000543,30,Male,No,Graduate,No,105400.0,655.0,388500.0,,0
LP000544,63,Female,Yes,Graduate,No,34600.0,850.0,94700.0,37.5,0
LP000545,64,Male,Yes,Graduate,No,20100.0,622.0,77100.0,14.0,0
LP000546,49,Male,Yes,Graduate,No,28700.0,,102900.0,7.6,0
LP000547,33,Female,Yes,Graduate,No,51600.0,769.0,131400.0,9.8,0
LP000548,32,Female,Yes,Graduate,Yes,164400.0,718.0,562000.0,2.8,0
LP000549,51,Female,Yes,Graduate,No,25400.0,765.0,69800.0,10.4,0
LP000550,66,Female,No,Graduate,No,116300.0,660.0,90100.0,9.0,1
LP000551,22,Female,Yes,Graduate,Yes,57400.0,678.0,177500.0,0.3,0
LP000552,70,Male,Yes,Not Graduate,Yes,107400.0,821.0,89400.0,33.1,1
LP000553,55,Male,Yes,Not Graduate,No,37700.0,574.0,97200.0,9.4,0
LP000554,43,Female,No,Not Graduate,Yes,111600.0,640.0,330300.0,11.8,0
LP000555,37,Female,Yes,Not Graduate,No,94100.0,721.0,69000.0,0.8,1
LP000556,46,Male,Yes,Not Graduate,Yes,33100.0,632.0,43300.0,19.6,0
LP000557,28,Male,Yes,Not Graduate,No,27000.0,598.0,100000.0,3.3,0
LP000558,49,Male,,Graduate,No,121300.0,705.0,322300.0,23.1,0
LP000559,46,Female,Yes,Graduate,No,185200.0,770.0,252200.0,11.5,1
LP000560,30,Male,No,Graduate,No,21600.0,637.0,63000.0,2.3,0
LP000561,46,Male,Yes,Graduate,No,85700.0,634.0,221900.0,14.4,0
LP000562,54,Female,No,Graduate,No,140100.0,591.0,316000.0,,0
LP000563,61,Female,Yes,Graduate,No,117400.0,623.0,459800.0,17.6,1
LP000564,27,Male,Yes,Not Graduate,Yes,186900.0,747.0,540500.0,2.9,0
LP000565,24,Female,No,Not Graduate,Yes,91400.0,657.0,165800.0,5.5,0
LP000566,70,Female,No,Graduate,No,49200.0,577.0,162400.0,2.4,0
LP000567,65,Male,Yes,Graduate,No,38700.0,673.0,139200.0,27.8,0
LP000568,31,Male,No,Not Graduate,No,39300.0,744.0,36900.0,2.4,1
LP000569,49,Male,No,Graduate,No,84400.0,599.0,101400.0,9.9,0
LP000570,56,Male,Yes,Not Graduate,No,88500.0,530.0,111200.0,15.8,0
LP000571,45,Female,Yes,Graduate,No,31200.0,847.0,91100.0,24.5,1
LP000572,41,Male,Yes,Graduate,No,121300.0,525.0,316700.0,5.6,0
LP000573,56,Female,Yes,Graduate,Yes,82700.0,617.0,220500.0,3.5,0
LP000574,30,Male,Yes,Not Graduate,No,61400.0,670.0,232900.0,3.8,0
LP000575,57,Male,Yes,Graduate,No,51900.0,625.0,166900.0,4.1,0
LP000576,29,Female,No,Graduate,No,59200.0,643.0,56100.0,1.4,1
LP000577,44,Male,Yes,Graduate,No,28700.0,701.0,49300.0,14.9,0
LP000578,55,Male,No,Graduate,No,31400.0,434.0,63500.0,2.3,0
LP000579,69,Male,Yes,Not Graduate,No,24800.0,535.0,46800.0,1.2,0
LP000580,55,Male,Yes,Not Graduate,Yes,28300.0,653.0,80400.0,26.4,0
LP000581,68,Female,No,Graduate,Yes,50200.0,613.0,181800.0,14.5,0
LP000582,56,Male,Yes,Graduate,No,57800.0,661.0,90800.0,4.8,0
LP000583,38,Female,Yes,Graduate,No,20900.0,670.0,50800.0,5.1,0
LP000584,69,Female,Yes,Graduate,No,99700.0,459.0,325300.0,25.7,0
LP000585,59,Male,Yes,Not Graduate,No,37400.0,764.0,73200.0,11.0,0
LP000586,52,Male,Yes,Graduate,No,141400.0,605.0,153900.0,16.8,1
LP000587,44,Male,Yes,Graduate,No,191300.0,572.0,413700.0,3.2,0
LP000588,43,Female,Yes,Graduate,No,30300.0,668.0,21000.0,14.7,1
LP000589,52,Male,No,Not Graduate,No,51000.0,659.0,193700.0,10.7,0
LP000590,57,Female,Yes,Not Graduate,Yes,20100.0,757.0,15300.0,24.5,1
LP000591,32,Male,No,Not Graduate,No,65600.0,674.0,133500.0,11.3,0
LP000592,69,Female,Yes,Graduate,No,66700.0,754.0,157100.0,24.5,1
LP000593,33,Male,Yes,Graduate,,34200.0,565.0,135000.0,4.4,0
LP000594,43,Female,Yes,Not Graduate,No,60900.0,662.0,65800.0,6.4,1
LP000595,45,Male,Yes,Graduate,No,32800.0,549.0,29500.0,8.8,0
LP000596,55,Male,No,Graduate,No,28800.0,658.0,15300.0,6.1,1
LP000597,61,Male,Yes,Graduate,Yes,72700.0,639.0,75900.0,7.2,1
LP000598,50,Male,Yes,Not Graduate,No,39700.0,635.0,48700.0,25.3,0
LP000599,37,Female,Yes,Graduate,No,64600.0,636.0,174900.0,7.3,0
LP000600,69,Male,Yes,Graduate,,48400.0,716.0,61400.0,17.4,1
LP000601,40,Male,No,Graduate,No,227900.0,505.0,130300.0,13.1,1
LP000602,68,Female,No,Graduate,No,28100.0,569.0,95300.0,23.6,0
LP000603,45,Male,Yes,Graduate,No,51200.0,646.0,91100.0,1.8,0
LP000604,42,Female,Yes,Not Graduate,No,77000.0,543.0,133800.0,20.0,0
LP000605,33,Female,Yes,Not Graduate,No,45200.0,654.0,70500.0,2.7,0
LP000606,39,Male,Yes,Graduate,No,203800.0,645.0,600000.0,15.2,0
LP000607,69,Female,No,Not Graduate,No,84000.0,523.0,92000.0,30.9,1
LP000608,56,Male,Yes,Not Graduate,,73500.0,519.0,267800.0,27.2,0
LP000609,32,Male,Yes,Graduate,No,90700.0,413.0,291900.0,8.1,0
LP000610,61,Female,Yes,Graduate,No,172500.0,540.0,132400.0,0.6,0
LP000611,39,Female,No,Not Graduate,No,139200.0,651.0,550300.0,7.6,0
LP000612,32,Male,Yes,Graduate,,84400.0,664.0,122400.0,8.5,0
LP000613,29,Female,No,Graduate,No,89100.0,668.0,75300.0,4.3,1
LP000614,27,Male,Yes,Not Graduate,No,27900.0,579.0,94900.0,7.8,0
LP000615,48,Male,Yes,Graduate,Yes,25400.0,648.0,75500.0,9.3,0
LP000616,34,Female,Yes,Graduate,No,62300.0,685.0,165700.0,4.7,0
LP000617,51,Male,Yes,Graduate,No,20900.0,535.0,21900.0,8.8,1
LP000618,39,Male,Yes,Graduate,No,52900.0,661.0,115000.0,7.0,0
LP000619,67,Female,Yes,Not Graduate,,31800.0,,102800.0,22.3,0
LP000620,36,Female,Yes,Graduate,No,41200.0,605.0,64400.0,12.7,0
LP000621,25,Male,Yes,Graduate,No,94800.0,745.0,150800.0,4.6,1
LP000622,55,Female,Yes,Graduate,No,161700.0,607.0,82600.0,,1
LP000623,32,Female,Yes,Graduate,No,23800.0,572.0,26400.0,12.4,0
LP000624,45,Female,Yes,Graduate,No,58200.0,700.0,207400.0,22.0,0
LP000625,41,Female,Yes,Graduate,No,127100.0,832.0,260100.0,,0
LP000626,56,Male,No,Not Graduate,No,24300.0,657.0,95900.0,28.0,0
LP000627,43,Male,Yes,Graduate,No,107000.0,707.0,201700.0,5.2,1
LP000628,36,Male,Yes,Graduate,No,42100.0,604.0,126400.0,2.4,0
LP000629,59,Female,Yes,Graduate,No,39400.0,538.0,58600.0,25.5,1
LP000630,65,Female,Yes,Graduate,No,209600.0,664.0,371700.0,12.8,1
LP000631,62,Female,Yes,Graduate,No,31200.0,679.0,36400.0,2.3,1
LP000632,59,Female,No,Graduate,Yes,79100.0,617.0,135600.0,5.5,0
LP000633,34,Male,Yes,Not Graduate,No,106100.0,706.0,256300.0,0.0,0
LP000634,51,Male,Yes,Graduate,No,22100.0,591.0,87800.0,29.8,0
LP000635,25,Male,No,Graduate,No,75500.0,,213300.0,,0
LP000636,55,Male,Yes,Graduate,No,171400.0,745.0,205200.0,7.7,1
LP000637,43,Male,Yes,Not Graduate,No,26600.0,745.0,17500.0,10.4,1
LP000638,49,Male,Yes,Graduate,No,133300.0,592.0,125600.0,11.1,1
LP000639,63,Female,Yes,Graduate,No,65200.0,804.0,161000.0,36.5,1
LP000640,31,Female,Yes,Graduate,No,67900.0,624.0,215800.0,,0
LP000641,38,Female,No,Graduate,No,67500.0,657.0,255900.0,10.2,0
LP000642,67,Female,No,Graduate,No,37800.0,642.0,21000.0,27.2,1
LP000643,32,Male,,Not Graduate,,156800.0,,365300.0,13.0,0
LP000644,29,Female,No,Graduate,No,167200.0,674.0,359200.0,6.8,0
LP000645,30,Female,No,Graduate,No,69100.0,673.0,193200.0,9.6,0
LP000646,64,Female,Yes,Graduate,No,96500.0,558.0,237200.0,3.3,0
LP000647,37,Male,Yes,Graduate,No,67400.0,498.0,195800.0,7.3,0
LP000648,58,Male,No,Graduate,No,53100.0,752.0,148900.0,15.0,0
LP000649,27,Male,No,Graduate,Yes,74100.0,600.0,67400.0,8.0,1
LP000650,66,Female,Yes,Graduate,Yes,60300.0,645.0,198900.0,6.1,0
LP000651,33,Female,Yes,Graduate,No,65500.0,679.0,61000.0,2.3,1
LP000652,60,Female,Yes,Graduate,Yes,96600.0,796.0,284500.0,13.1,1
LP000653,62,Male,Yes,Graduate,No,52800.0,664.0,103300.0,2.2,0
LP000654,29,Female,Yes,Not Graduate,No,22100.0,614.0,50800.0,2.0,0
LP000655,70,Female,Yes,Graduate,No,29000.0,602.0,106200.0,38.6,0
LP000656,47,Male,Yes,Graduate,No,48900.0,646.0,176800.0,12.4,0
LP000657,22,Male,Yes,Not Graduate,Yes,84500.0,,284100.0,2.5,0
LP000658,25,Female,No,Graduate,No,65000.0,652.0,148600.0,5.1,0
LP000659,49,Male,Yes,Not Graduate,No,72500.0,645.0,223100.0,11.4,0
LP000660,57,Female,Yes,Not Graduate,No,52600.0,797.0,120700.0,5.7,0
LP000661,58,Female,Yes,Not Graduate,Yes,67800.0,642.0,240300.0,8.3,0
LP000662,39,Female,No,Not Graduate,No,40000.0,476.0,76400.0,6.6,0
LP000663,28,Female,Yes,Graduate,Yes,51800.0,850.0,201800.0,6.4,0
LP000664,68,Female,Yes,Graduate,No,88200.0,736.0,331900.0,15.9,0
LP000665,65,Female,No,Graduate,No,122700.0,837.0,379800.0,,0
LP000666,21,Male,No,Graduate,Yes,48400.0,545.0,71500.0,1.6,0
LP000667,42,Male,Yes,Graduate,No,22200.0,630.0,21300.0,22.1,1
LP000668,37,Male,No,Not Graduate,No,28800.0,710.0,100600.0,15.4,0
LP000669,27,Female,Yes,Graduate,No,21100.0,698.0,22800.0,7.4,1
LP000670,45,Male,Yes,Not Graduate,No,73000.0,677.0,254800.0,21.5,1
LP000671,65,Male,Yes,Not Graduate,No,40200.0,452.0,89200.0,12.9,0
LP000672,24,Male,Yes,Not Graduate,No,59100.0,495.0,113600.0,4.6,0
LP000673,56,Female,No,Not Graduate,Yes,54000.0,786.0,197700.0,5.4,0
LP000674,26,Female,No,Not Graduate,No,24300.0,802.0,63500.0,5.3,1
LP000675,51,Female,Yes,Not Graduate,No,45800.0,640.0,115300.0,21.2,0
LP000676,39,Male,Yes,Graduate,No,32500.0,775.0,79800.0,0.5,1
LP000677,64,Female,Yes,Graduate,No,47100.0,557.0,84700.0,31.5,0
LP000678,59,Female,Yes,Not Graduate,No,31400.0,578.0,102000.0,36.1,0
LP000679,47,Female,Yes,Not Graduate,No,111800.0,550.0,154800.0,7.8,1
LP000680,30,Female,No,Graduate,No,29600.0,573.0,112100.0,9.7,0
LP000681,46,Male,Yes,Graduate,No,181900.0,715.0,600000.0,2.3,0
LP000682,39,Female,Yes,Graduate,No,46900.0,572.0,78800.0,12.6,1
LP000683,59,Male,Yes,Graduate,No,113600.0,850.0,346800.0,19.4,1
LP000684,23,Male,No,Not Graduate,No,69500.0,691.0,174200.0,2.7,0
LP000685,65,Female,Yes,Not Graduate,No,86500.0,747.0,145500.0,37.0,1
LP000686,33,Male,Yes,Graduate,Yes,93000.0,694.0,368300.0,13.1,0
LP000687,70,Male,Yes,Graduate,No,55100.0,759.0,32400.0,31.4,1
LP000688,48,Female,Yes,Graduate,No,59200.0,571.0,81900.0,8.2,0
LP000689,40,Male,Yes,Graduate,No,56100.0,780.0,130200.0,20.1,0
LP000690,48,Female,Yes,Graduate,No,64300.0,662.0,149600.0,2.9,1
LP000691,28,Female,No,Graduate,No,21500.0,758.0,55100.0,8.5,0
LP000692,61,Female,Yes,Graduate,No,45200.0,520.0,141500.0,13.1,0
LP000693,59,Female,Yes,Graduate,No,66600.0,666.0,178600.0,2.2,0
LP000694,21,Female,,Graduate,No,65500.0,,170400.0,2.0,0
LP000695,23,Female,No,Graduate,No,98700.0,,67800.0,1.2,1
LP000696,33,Female,,Graduate,No,73200.0,678.0,133100.0,3.7,0
LP000697,48,Female,No,Graduate,No,262300.0,788.0,344200.0,9.2,1
LP000698,69,Female,Yes,Graduate,No,36700.0,587.0,52400.0,2.5,0
LP000699,45,Female,No,Not Graduate,No,42200.0,736.0,103000.0,4.8,0
LP000700,53,Male,No,Not Graduate,No,44200.0,548.0,53000.0,0.2,0
LP000701,58,Male,Yes,Not Graduate,No,51400.0,839.0,78600.0,17.8,1
LP000702,26,Female,No,Not Graduate,No,110400.0,720.0,146800.0,0.7,1
LP000703,64,Male,Yes,Graduate,No,33400.0,805.0,127600.0,27.3,0
LP000704,65,Male,,Graduate,No,94800.0,710.0,360800.0,9.4,0
LP000705,52,Female,Yes,Graduate,No,46000.0,685.0,121200.0,32.1,1
LP000706,65,Male,Yes,Not Graduate,No,66000.0,721.0,246600.0,34.9,0
LP000707,67,Male,Yes,Not Graduate,No,70100.0,637.0,227800.0,11.6,0
LP000708,41,Female,,Graduate,No,43300.0,504.0,111100.0,18.0,0
LP000709,36,Female,Yes,Graduate,No,55900.0,690.0,29200.0,14.5,0
LP000710,41,Male,Yes,Graduate,No,46600.0,582.0,149300.0,22.7,0
LP000711,31,Female,Yes,Not Graduate,No,23600.0,550.0,69800.0,7.8,0
LP000712,57,Female,Yes,Graduate,No,48700.0,707.0,129200.0,3.2,1
LP000713,56,Male,Yes,Graduate,No,25100.0,624.0,79400.0,24.6,1
LP000714,55,Male,Yes,Graduate,No,46000.0,742.0,105600.0,23.1,1
LP000715,39,Female,No,Graduate,No,64900.0,578.0,192400.0,13.4,0
LP000716,40,Female,Yes,Not Graduate,No,63300.0,607.0,238800.0,6.8,0
LP000717,38,Female,Yes,Graduate,No,74300.0,753.0,134900.0,17.2,0
LP000718,67,Female,Yes,Not Graduate,No,25000.0,675.0,74500.0,38.4,0
LP000719,61,Female,Yes,Graduate,No,72800.0,517.0,157600.0,8.7,1
LP000720,69,Male,Yes,Not Graduate,Yes,38700.0,673.0,110700.0,3.5,0
LP000721,34,Female,Yes,Not Graduate,No,45500.0,783.0,144200.0,3.1,0
LP000722,35,Male,Yes,Graduate,No,117600.0,606.0,77500.0,13.9,1
LP000723,51,Female,Yes,Graduate,No,20500.0,,56600.0,,0
LP000724,21,Female,Yes,Graduate,No,64400.0,573.0,83300.0,1.9,0
LP000725,23,Male,No,Graduate,No,65700.0,637.0,186900.0,2.0,0
LP000726,36,Female,Yes,Not Graduate,No,45300.0,748.0,96900.0,10.4,1
LP000727,43,Male,Yes,Graduate,No,33500.0,669.0,107400.0,7.7,0
LP000728,31,Male,No,Not Graduate,Yes,33400.0,766.0,31100.0,6.2,1
LP000729,32,Female,Yes,Graduate,No,127600.0,688.0,343500.0,11.1,0
LP000730,30,Male,No,Graduate,No,49200.0,849.0,72600.0,11.8,1
LP000731,52,Female,Yes,Graduate,No,40100.0,509.0,139800.0,31.7,0
LP000732,36,Male,Yes,Graduate,Yes,49800.0,630.0,186700.0,16.8,0
LP000733,28,Female,No,Graduate,No,75300.0,552.0,300300.0,4.0,0
LP000734,58,Female,Yes,Not Graduate,No,27900.0,558.0,91700.0,18.8,0
LP000735,32,Female,Yes,Graduate,Yes,49800.0,559.0,156300.0,9.9,0
LP000736,44,Male,Yes,Not Graduate,Yes,64300.0,665.0,80600.0,24.0,1
LP000737,48,Female,Yes,Graduate,No,168400.0,670.0,282200.0,4.3,1
LP000738,28,Male,,Graduate,No,34600.0,688.0,73700.0,3.0,1
LP000739,48,Male,Yes,Not Graduate,No,42300.0,,135600.0,4.2,0
LP000740,56,Male,No,Not Graduate,Yes,43900.0,620.0,162500.0,23.3,0
LP000741,46,Male,Yes,Graduate,No,66500.0,563.0,77300.0,8.6,0
LP000742,28,Female,No,Not Graduate,No,42100.0,734.0,157000.0,3.3,0
LP000743,70,Male,Yes,Graduate,No,58100.0,571.0,170500.0,2.8,0
LP000744,48,Female,No,Graduate,Yes,96100.0,630.0,253500.0,10.5,0
LP000745,48,Female,Yes,Graduate,No,81100.0,,97300.0,25.9,1
LP000746,57,Male,Yes,Not Graduate,No,49600.0,594.0,34400.0,9.1,1
LP000747,61,Female,No,Graduate,No,119800.0,712.0,298300.0,27.8,1
LP000748,56,Male,Yes,Graduate,No,60800.0,793.0,169000.0,23.9,0
LP000749,47,Male,Yes,Graduate,No,58800.0,667.0,72800.0,25.0,0
LP000750,37,Male,Yes,Graduate,No,21700.0,731.0,53100.0,2.5,0
LP000751,29,Female,No,Graduate,No,236000.0,463.0,600000.0,10.8,0
LP000752,53,Female,Yes,Graduate,No,26600.0,611.0,91000.0,,0
LP000753,40,Male,Yes,Graduate,No,33100.0,666.0,124000.0,21.9,0
LP000754,33,Male,Yes,Graduate,No,22700.0,555.0,40400.0,13.7,0
LP000755,48,Female,Yes,Graduate,No,71100.0,668.0,114700.0,6.6,1
LP000756,68,Male,Yes,Graduate,No,32700.0,745.0,102100.0,2.2,0
LP000757,49,Female,No,Graduate,Yes,29900.0,480.0,60100.0,,0
LP000758,33,Female,Yes,Graduate,No,24600.0,542.0,19800.0,7.9,0
LP000759,66,Male,Yes,Not Graduate,Yes,25500.0,666.0,38000.0,6.9,0
LP000760,55,Female,Yes,Graduate,No,63900.0,691.0,125600.0,6.2,0
LP000761,26,Male,No,Graduate,Yes,78300.0,716.0,119300.0,3.7,0
LP000762,38,Female,Yes,Graduate,No,45300.0,659.0,75300.0,0.7,0
LP000763,25,Female,No,Not Graduate,Yes,52700.0,691.0,80500.0,0.9,0
LP000764,67,Male,Yes,Not Graduate,No,77900.0,731.0,50300.0,16.6,1
LP000765,45,Male,Yes,Graduate,No,20900.0,612.0,57100.0,1.7,0
LP000766,22,Female,No,Graduate,No,39500.0,595.0,102300.0,1.6,0
LP000767,30,Female,Yes,Graduate,No,200800.0,634.0,559600.0,5.7,1
LP000768,50,Male,Yes,Graduate,No,63400.0,667.0,74400.0,14.4,0
LP000769,70,Female,Yes,Graduate,No,34700.0,590.0,53300.0,34.8,1
LP000770,65,Male,Yes,Graduate,No,56900.0,614.0,151800.0,21.2,0
LP000771,25,Male,No,Not Graduate,No,41000.0,685.0,106500.0,3.3,0
LP000772,53,Female,Yes,Graduate,No,58000.0,664.0,131800.0,14.4,1
LP000773,21,Male,Yes,Graduate,No,26700.0,633.0,46100.0,2.5,0
LP000774,38,Female,Yes,Graduate,No,27100.0,493.0,100100.0,17.9,0
LP000775,52,Male,,Graduate,No,27700.0,649.0,46800.0,29.0,1
LP000776,67,Female,Yes,Graduate,No,160500.0,562.0,336200.0,26.9,0
LP000777,69,Male,Yes,Graduate,No,86000.0,738.0,247100.0,5.5,0
LP000778,31,Female,Yes,Graduate,No,28900.0,622.0,69400.0,3.6,0
LP000779,41,Female,Yes,Graduate,No,30400.0,560.0,52100.0,1.1,0
LP000780,46,Male,Yes,Graduate,No,85600.0,644.0,173300.0,26.1,1
LP000781,45,Female,Yes,Graduate,No,28500.0,764.0,93500.0,17.8,0
LP000782,42,Male,Yes,Graduate,Yes,33400.0,706.0,49200.0,17.9,1
LP000783,47,Male,Yes,Graduate,Yes,185300.0,669.0,184900.0,9.0,0
LP000784,69,Female,Yes,Graduate,No,34700.0,530.0,55400.0,33.8,1
LP000785,33,Male,Yes,Graduate,No,74200.0,795.0,257700.0,3.9,1
LP000786,53,Female,Yes,Graduate,No,212300.0,594.0,172300.0,0.1,1
LP000787,54,Female,No,Graduate,No,43400.0,734.0,172300.0,13.6,0
LP000788,61,Female,No,Graduate,No,20900.0,620.0,50000.0,22.8,1
LP000789,55,Male,Yes,Graduate,No,34000.0,725.0,134200.0,17.7,1
LP000790,21,Male,Yes,Graduate,No,108900.0,,412300.0,2.6,0
LP000791,41,Male,Yes,Not Graduate,No,120000.0,708.0,250200.0,2.4,0
LP000792,68,Female,Yes,Graduate,No,93200.0,718.0,111300.0,22.2,1
LP000793,26,Female,Yes,Graduate,No,26000.0,641.0,28000.0,4.1,0
LP000794,48,Female,Yes,Graduate,No,99400.0,610.0,133200.0,8.4,1
LP000795,37,Male,,Graduate,No,145500.0,662.0,434400.0,,1
LP000796,25,Male,No,Not Graduate,No,65900.0,619.0,95900.0,5.3,0
LP000797,51,Male,Yes,Graduate,No,161400.0,850.0,273600.0,24.2,1
LP000798,25,Male,Yes,Not Graduate,No,107700.0,560.0,223000.0,6.1,0
LP000799,58,Male,Yes,Graduate,No,75000.0,740.0,277200.0,28.9,0
LP000800,23,Male,Yes,Graduate,No,63000.0,696.0,73300.0,1.2,1
LP000801,43,Male,Yes,Not Graduate,No,41400.0,670.0,21400.0,17.6,1
LP000802,57,Male,Yes,Graduate,No,28700.0,783.0,20400.0,12.0,1
LP000803,57,Male,Yes,Graduate,No,66400.0,676.0,243500.0,9.4,0
LP000804,30,Male,No,Graduate,Yes,39100.0,,108200.0,0.9,0
LP000805,30,Male,No,Graduate,No,120700.0,,175700.0,8.9,1
LP000806,39,Male,Yes,Graduate,No,270600.0,633.0,303100.0,14.9,1
LP000807,37,Female,Yes,Graduate,No,89800.0,,137400.0,4.5,0
LP000808,41,Male,Yes,Graduate,No,24700.0,723.0,22300.0,17.2,1
LP000809,34,Male,Yes,Not Graduate,No,37000.0,572.0,140400.0,14.7,0
LP000810,29,Male,No,Not Graduate,No,25800.0,757.0,83700.0,1.2,0
LP000811,66,Male,Yes,Graduate,Yes,72600.0,627.0,153800.0,9.3,0
LP000812,21,Male,No,Graduate,No,92400.0,689.0,325900.0,2.3,0
LP000813,65,Male,Yes,Graduate,No,150000.0,705.0,206000.0,11.0,1
LP000814,33,Female,Yes,Graduate,No,48800.0,683.0,146900.0,9.4,1
LP000815,24,Male,No,Not Graduate,No,135800.0,640.0,474800.0,0.5,0
LP000816,21,Male,No,Graduate,No,125100.0,606.0,218800.0,,1
LP000817,69,Female,Yes,Graduate,No,39100.0,625.0,123200.0,29.6,0
LP000818,60,Male,,Not Graduate,No,121600.0,790.0,186400.0,27.5,1
LP000819,52,Male,Yes,Not Graduate,No,43600.0,572.0,67400.0,27.7,1
LP000820,54,Female,Yes,Graduate,No,37600.0,585.0,32900.0,31.6,1
LP000821,48,Female,No,Graduate,No,72400.0,581.0,147700.0,23.2,0
LP000822,51,Male,Yes,Graduate,No,39900.0,662.0,121900.0,22.2,0
LP000823,28,Male,Yes,Not Graduate,No,69700.0,,264200.0,0.3,0
LP000824,59,Male,No,Graduate,No,67100.0,528.0,175400.0,21.4,0
LP000825,46,Male,Yes,Graduate,No,61400.0,626.0,216200.0,1.1,0
LP000826,54,Female,Yes,Graduate,No,43900.0,534.0,148300.0,29.1,0
LP000827,23,Male,No,Graduate,Yes,59800.0,541.0,66200.0,1.6,1
LP000828,70,Male,Yes,Graduate,No,65400.0,534.0,143900.0,22.5,0
LP000829,32,Female,Yes,Not Graduate,No,59400.0,573.0,54000.0,3.9,0
LP000830,21,Female,No,Not Graduate,No,49400.0,715.0,142600.0,2.3,0
LP000831,64,Male,Yes,Not Graduate,No,20700.0,736.0,79200.0,35.5,0
LP000832,25,Female,No,Graduate,Yes,64200.0,822.0,62900.0,2.8,1
LP000833,50,Male,Yes,Not Graduate,Yes,29200.0,819.0,89600.0,27.6,0
LP000834,50,Female,Yes,Not Graduate,No,71400.0,,193700.0,8.5,0
LP000835,37,Male,Yes,Graduate,No,91200.0,742.0,231900.0,10.2,0
LP000836,68,Male,Yes,Graduate,No,54700.0,661.0,102000.0,34.4,1
LP000837,67,Male,Yes,Graduate,No,59100.0,696.0,103000.0,13.0,1
LP000838,43,Male,No,Not Graduate,No,171300.0,824.0,112800.0,23.9,1
LP000839,35,Male,Yes,Graduate,Yes,113900.0,683.0,143800.0,2.1,0
LP000840,57,Female,Yes,Not Graduate,,142800.0,753.0,79000.0,0.7,1
LP000841,41,Female,No,Graduate,No,104000.0,565.0,263600.0,20.8,1
LP000842,34,Male,Yes,Graduate,,25800.0,590.0,22500.0,1.1,1
LP000843,22,Male,Yes,Graduate,Yes,28100.0,678.0,99900.0,4.0,0
LP000844,31,Male,Yes,Graduate,No,57400.0,663.0,133800.0,12.4,0
LP000845,59,Female,Yes,Graduate,No,34100.0,594.0,100600.0,5.5,0
LP000846,58,Female,Yes,Not Graduate,No,52400.0,850.0,101600.0,21.5,1
LP000847,54,Female,Yes,Graduate,No,45100.0,665.0,111000.0,6.7,0
LP000848,58,Female,Yes,Graduate,No,59900.0,,227600.0,17.1,0
LP000849,70,Male,Yes,Graduate,No,88700.0,663.0,70000.0,2.5,0
LP000850,54,Male,Yes,Graduate,No,82800.0,652.0,115000.0,8.1,1
LP000851,38,Female,Yes,Graduate,No,56800.0,666.0,183500.0,7.3,0
LP000852,50,Female,Yes,Graduate,Yes,106400.0,506.0,90000.0,,0
LP000853,35,Male,No,Not Graduate,Yes,48200.0,766.0,36900.0,16.6,1
LP000854,47,Male,No,Graduate,No,133500.0,771.0,235700.0,23.4,1
LP000855,54,Female,Yes,Graduate,Yes,23700.0,782.0,19500.0,26.5,1
LP000856,58,Male,Yes,Graduate,No,174700.0,679.0,445100.0,21.5,0
LP000857,53,Male,Yes,Graduate,No,73200.0,709.0,94600.0,29.4,1
LP000858,44,Female,Yes,Not Graduate,No,43900.0,572.0,159600.0,8.8,0
LP000859,35,Male,,Graduate,No,31000.0,724.0,100500.0,12.1,0
LP000860,50,Male,Yes,Not Graduate,No,52600.0,,155100.0,31.8,0
LP000861,62,Female,Yes,Graduate,No,30800.0,608.0,81900.0,12.6,0
LP000862,37,Female,Yes,Graduate,Yes,29100.0,727.0,102500.0,,0
LP000863,25,Female,No,Not Graduate,No,68000.0,731.0,87100.0,5.9,1
LP000864,49,Male,Yes,Graduate,No,57000.0,655.0,202700.0,28.4,0
LP000865,24,Male,Yes,Graduate,No,75400.0,689.0,246000.0,4.3,0
LP000866,30,Female,Yes,Graduate,No,152700.0,557.0,476200.0,3.4,0
LP000867,37,Female,Yes,Not Graduate,No,58000.0,761.0,142900.0,6.2,0
LP000868,30,Male,No,Graduate,No,63500.0,569.0,86500.0,0.2,1
LP000869,37,Female,Yes,Graduate,Yes,24700.0,586.0,49000.0,14.5,1
LP000870,40,Male,Yes,Graduate,No,83200.0,655.0,272700.0,0.9,0
LP000871,44,Male,Yes,Graduate,No,45500.0,750.0,27800.0,22.5,1
LP000872,25,Male,No,Not Graduate,No,208000.0,750.0,600000.0,0.8,0
LP000873,54,Male,No,Graduate,No,106600.0,649.0,142900.0,6.2,1
LP000874,26,Male,No,Graduate,No,57000.0,719.0,57300.0,3.8,1
LP000875,22,Female,No,Not Graduate,No,26600.0,497.0,24100.0,3.0,0
LP000876,33,Female,Yes,Graduate,No,118100.0,585.0,70300.0,2.1,1
LP000877,63,Female,Yes,Graduate,No,100400.0,587.0,234200.0,17.6,0
LP000878,63,Male,Yes,Graduate,Yes,30200.0,762.0,38200.0,19.3,1
LP000879,68,Male,Yes,Graduate,Yes,37500.0,708.0,148600.0,8.5,0
LP000880,31,Male,No,Graduate,No,98900.0,666.0,248300.0,1.5,1
LP000881,67,Male,Yes,Graduate,No,30200.0,675.0,29700.0,33.5,0
LP000882,43,Female,Yes,Graduate,Yes,144900.0,791.0,421800.0,12.6,0
LP000883,36,Female,,Graduate,No,47600.0,634.0,173400.0,0.3,0
LP000884,51,Female,No,Graduate,No,24600.0,531.0,76500.0,26.5,1
LP000885,31,Male,Yes,Graduate,No,104600.0,747.0,80300.0,12.8,1
LP000886,36,Male,,Graduate,No,43400.0,666.0,157800.0,10.9,0
LP000887,28,Male,No,Not Graduate,No,57400.0,735.0,188200.0,5.0,0
LP000888,24,Male,No,Graduate,No,26000.0,645.0,27400.0,5.3,0
LP000889,60,Female,Yes,Graduate,No,20100.0,574.0,13700.0,,1
LP000890,24,Female,No,Graduate,No,70800.0,686.0,173500.0,4.5,1
LP000891,45,Male,Yes,Not Graduate,Yes,56200.0,650.0,58800.0,12.0,0
LP000892,23,Female,Yes,Not Graduate,No,65000.0,666.0,222400.0,3.0,0
LP000893,52,Female,Yes,Graduate,No,98900.0,795.0,173500.0,23.8,0
LP000894,23,Male,Yes,Graduate,No,72000.0,551.0,266000.0,1.0,0
LP000895,47,Female,No,Graduate,No,29600.0,675.0,73400.0,13.0,0
LP000896,49,Male,Yes,Graduate,No,42400.0,,48300.0,25.7,1
LP000897,52,Male,No,Graduate,Yes,138200.0,416.0,136600.0,22.3,0
LP000898,70,Female,Yes,Not Graduate,No,93500.0,645.0,235400.0,16.4,0
LP000899,39,Female,Yes,Graduate,Yes,60700.0,,192200.0,13.9,0
LP000900,41,Male,No,Graduate,No,34800.0,706.0,112600.0,2.7,0
LP000901,25,Male,No,Graduate,No,38000.0,630.0,55700.0,2.8,0
LP000902,38,Female,Yes,Graduate,No,85800.0,515.0,104200.0,15.9,1
LP000903,48,Female,Yes,Not Graduate,No,115200.0,575.0,64400.0,6.6,1
LP000904,62,Female,Yes,Not Graduate,No,75600.0,768.0,217500.0,,0
LP000905,42,Male,Yes,Graduate,No,102900.0,574.0,79000.0,22.8,0
LP000906,41,Female,Yes,Graduate,No,92800.0,792.0,183100.0,4.8,1
LP000907,26,Male,No,Graduate,No,28100.0,,73200.0,2.1,0
LP000908,21,Female,No,Graduate,No,47600.0,621.0,179900.0,2.9,0
LP000909,25,Male,No,Graduate,,28300.0,584.0,45000.0,5.1,0
LP000910,61,Female,Yes,Graduate,Yes,33400.0,744.0,45900.0,28.0,1
LP000911,32,Male,Yes,Not Graduate,Yes,121700.0,628.0,339500.0,11.9,0
LP000912,46,Male,No,Graduate,No,52000.0,510.0,138700.0,3.2,1
LP000913,66,Male,Yes,Not Graduate,No,58300.0,700.0,96900.0,28.2,0
LP000914,54,Male,Yes,Graduate,No,29800.0,687.0,111700.0,18.1,0
LP000915,69,Female,Yes,Not Graduate,No,38700.0,752.0,133800.0,33.2,0
LP000916,34,Female,No,Graduate,Yes,33100.0,681.0,42500.0,8.1,1
LP000917,46,Female,Yes,Graduate,No,31500.0,600.0,42100.0,17.4,1
LP000918,65,Male,Yes,Graduate,No,70800.0,764.0,162300.0,19.1,0
LP000919,47,Female,Yes,Not Graduate,Yes,34800.0,773.0,111600.0,13.9,0
LP000920,29,Female,No,Graduate,,70000.0,670.0,45800.0,8.4,1
LP000921,46,Male,Yes,Graduate,No,23000.0,655.0,67300.0,17.6,0
LP000922,67,Male,Yes,Graduate,No,27600.0,530.0,76400.0,25.3,0
LP000923,42,Female,Yes,Graduate,No,36000.0,595.0,47200.0,10.8,1
LP000924,67,Female,No,Graduate,No,65400.0,718.0,188700.0,21.2,0
LP000925,50,Female,Yes,Not Graduate,Yes,76300.0,599.0,289200.0,23.9,0
LP000926,63,Male,,Graduate,No,49200.0,518.0,32700.0,,1
LP000927,68,Female,Yes,Graduate,No,49500.0,850.0,80100.0,27.9,1
LP000928,37,Male,No,Graduate,No,84500.0,518.0,171800.0,17.6,0
LP000929,46,Female,No,Graduate,No,20800.0,850.0,75900.0,23.0,0
LP000930,56,Female,Yes,Graduate,No,40900.0,622.0,158200.0,21.4,0
LP000931,21,Male,Yes,Graduate,No,105400.0,642.0,216500.0,2.0,1
LP000932,28,Female,No,Graduate,No,66200.0,589.0,206900.0,9.3,0
LP000933,69,Male,Yes,Graduate,No,40600.0,720.0,95800.0,24.8,1
LP000934,55,Female,Yes,Not Graduate,No,138000.0,520.0,328700.0,30.5,0
LP000935,35,Male,Yes,Graduate,No,94100.0,484.0,138600.0,11.7,0
LP000936,67,Male,Yes,Graduate,No,35400.0,794.0,44600.0,22.1,0
LP000937,42,Male,Yes,Not Graduate,No,71800.0,577.0,108300.0,5.8,0
LP000938,34,Male,Yes,Graduate,No,65300.0,717.0,159800.0,6.8,0
LP000939,46,Male,Yes,Graduate,Yes,45600.0,552.0,27500.0,27.1,1
LP000940,48,Female,Yes,Graduate,No,42900.0,713.0,157700.0,19.7,1
LP000941,43,Female,Yes,Not Graduate,No,41000.0,801.0,42900.0,14.1,1
LP000942,34,Female,Yes,Graduate,No,68000.0,602.0,86400.0,14.9,1
LP000943,44,Male,Yes,Graduate,No,49200.0,475.0,113800.0,15.2,0
LP000944,22,Female,No,Graduate,No,109100.0,801.0,325700.0,2.1,1
LP000945,65,Male,Yes,Graduate,No,75400.0,733.0,63000.0,30.4,1
LP000946,46,Female,Yes,Graduate,No,23600.0,607.0,38000.0,20.0,0
LP000947,34,Male,Yes,Graduate,No,71100.0,630.0,276600.0,3.1,0
LP000948,27,Female,Yes,Graduate,No,35800.0,550.0,50800.0,4.2,0
LP000949,23,Female,No,Graduate,No,64900.0,777.0,103600.0,2.4,0
LP000950,67,Female,No,Graduate,No,77000.0,601.0,263900.0,15.1,0
LP000951,43,Male,Yes,Graduate,No,33100.0,522.0,22400.0,12.9,0
LP000952,66,Male,No,Graduate,Yes,50500.0,669.0,107400.0,16.5,1
LP000953,63,Male,Yes,Graduate,Yes,30600.0,572.0,56000.0,8.0,1
LP000954,67,Female,No,Not Graduate,No,22700.0,557.0,36500.0,16.5,0
LP000955,65,Female,Yes,Graduate,No,43800.0,611.0,65700.0,2.9,0
LP000956,38,Male,Yes,Graduate,No,42500.0,657.0,34800.0,11.5,1
LP000957,58,Female,Yes,Not Graduate,No,290000.0,525.0,464500.0,34.1,0
LP000958,55,Female,Yes,Graduate,No,49600.0,774.0,32300.0,26.8,1
LP000959,35,Female,No,Graduate,No,40300.0,710.0,130300.0,6.1,0
LP000960,45,Male,Yes,Graduate,No,63400.0,617.0,120100.0,,0
LP000961,57,Male,Yes,Graduate,No,24600.0,568.0,50500.0,7.9,1
LP000962,48,Male,Yes,Not Graduate,No,183100.0,641.0,600000.0,16.4,0
LP000963,30,Female,Yes,Not Graduate,Yes,70400.0,730.0,197300.0,2.5,0
LP000964,59,Male,No,Graduate,No,90300.0,717.0,47700.0,21.8,1
LP000965,37,Male,Yes,Graduate,No,29300.0,745.0,111400.0,4.4,0
LP000966,59,Female,Yes,Graduate,No,46300.0,606.0,61600.0,34.0,1
LP000967,42,Female,Yes,Graduate,No,47500.0,386.0,41600.0,9.5,0
LP000968,46,Female,No,Not Graduate,No,106200.0,762.0,338600.0,6.9,0
LP000969,64,Male,Yes,Not Graduate,Yes,20100.0,634.0,45300.0,32.5,0
LP000970,45,Male,Yes,Graduate,No,37900.0,709.0,76500.0,9.3,0
LP000971,37,Female,Yes,Graduate,No,218800.0,800.0,300500.0,2.1,1
LP000972,33,Male,Yes,Graduate,No,52200.0,850.0,126100.0,8.6,0
LP000973,40,Male,Yes,Graduate,No,44100.0,591.0,64400.0,12.8,1
LP000974,45,Male,No,Not Graduate,Yes,26400.0,662.0,96500.0,19.3,1
LP000975,24,Male,No,Graduate,Yes,202800.0,773.0,254200.0,1.4,1
LP000976,30,Male,No,Not Graduate,No,21000.0,574.0,75500.0,5.3,0
LP000977,23,Female,Yes,Graduate,No,86800.0,597.0,213300.0,1.4,0
LP000978,61,Female,Yes,Graduate,Yes,93200.0,597.0,316900.0,3.2,0
LP000979,65,Female,No,Graduate,No,34000.0,647.0,101800.0,35.1,1
LP000980,38,Male,Yes,Graduate,Yes,75700.0,630.0,222400.0,14.6,0
LP000981,67,Male,Yes,Graduate,No,24900.0,596.0,40700.0,12.1,0
LP000982,56,Male,Yes,Not Graduate,Yes,34900.0,563.0,46000.0,22.8,0
LP000983,67,Female,Yes,Graduate,,97500.0,723.0,120700.0,8.1,1
LP000984,42,Male,Yes,Graduate,No,120000.0,,420000.0,21.4,0
LP000985,54,Female,Yes,Graduate,No,66900.0,783.0,225600.0,4.1,0
LP000986,67,Female,No,Graduate,Yes,55300.0,606.0,112900.0,0.2,0
LP000987,28,Male,No,Graduate,No,28700.0,726.0,27700.0,5.0,1
LP000988,60,Male,Yes,Not Graduate,No,23300.0,671.0,42800.0,23.3,1
LP000989,69,Female,No,Graduate,No,26300.0,598.0,70200.0,23.2,0
LP000990,64,Female,No,Graduate,No,32900.0,716.0,68800.0,2.2,0
LP000991,39,Male,Yes,Graduate,No,40900.0,594.0,132100.0,6.6,0
LP000992,62,Male,Yes,Graduate,Yes,44000.0,616.0,175600.0,20.0,0
LP000993,61,Female,Yes,Graduate,No,41300.0,526.0,48300.0,8.7,0
LP000994,57,Male,Yes,Graduate,No,33700.0,608.0,71100.0,34.0,0
LP000995,26,Male,No,Graduate,No,55600.0,,111700.0,0.7,0
LP000996,46,Male,No,Graduate,Yes,107200.0,791.0,167800.0,13.6,1
LP000997,54,Female,Yes,Graduate,No,36400.0,618.0,43400.0,24.9,1
LP000998,65,Male,Yes,Graduate,No,162700.0,556.0,118800.0,10.5,0
LP000999,26,Male,Yes,Not Graduate,Yes,123300.0,784.0,444500.0,5.0,1
LP001000,57,Male,Yes,Graduate,No,28800.0,604.0,56700.0,,0
